{"156 Roger Ave, Akron, OH 44305":[41.07164,-81.48189],"1570 N County Line Rd, Madison, OH 44057":[41.83079,-81.00281],"1872 Torbenson Dr, Cleveland, OH 44112":[41.551882,-81.553737],"2033 Tate Ave, Cleveland, OH 44109":[41.434626,-81.696493],"2113 11th St SW, Akron, OH 44314":[41.045887,-81.555112],"21731 Maydale Ave, Euclid, OH 44123":[41.60241,-81.52909],"2825 Orchard Dr, Willoughby Hills, OH 44092":[41.58579,-81.46954],"2841 River Rd, Willoughby, OH 44094":[41.58232,-81.416255],"3 Wenden Ct, Bratenahl, OH 44108":[41.563978,-81.590755],"33803 Electric Blvd C22, Avon Lake, OH 44012":[41.4998,-82.063644],"3714 Gary Dr, Castalia, OH 44824":[41.39724,-82.78416],"3877 Dawley Rd, Ravenna, OH 44266":[41.192938,-81.254774],"4002 Main St, Perry, OH 44081":[41.761029,-81.143586],"4106 Lee Rd, Cleveland, OH 44128":[41.44805,-81.56507],"4377 Stonegate Dr, Ashtabula, OH 44004":[41.878384,-80.848111],"448 E 328th St, Willowick, OH 44095":[41.6453,-81.4568],"5246 Gore Rd, Ashtabula, OH 44004":[41.86508,-80.861943],"549 Parkdale Dr, Akron, OH 44307":[41.0643,-81.5483],"582 Eric Dr, Tallmadge, OH 44278":[41.085079,-81.452828],"599 E 250th St, Euclid, OH 44132":[41.607566,-81.508817],"7073 Village Dr, Concord Township, OH 44060":[41.677685,-81.2911],"7090 Bristlewood Dr #H, Concord Twp, OH 44077":[41.678674,-81.233284],"737 E 165th St, Cleveland, OH 44110":[41.5604,-81.56481],"8220 Manor Gate Way, Mentor, OH 44060":[41.658033,-81.347348],"8249 Broadmoor Rd, Mentor, OH 44060":[41.646383,-81.375365],"860 E 232nd St, Euclid, OH 44123":[41.594451,-81.520561],"8804 Behrwald Ave, Brooklyn, OH 44144":[41.43293,-81.74631]}